onset	duration	stim+AF8-file
8	2	pRF+AF8-stimuli.mat
10	2	pRF+AF8-stimuli.mat
12	2	pRF+AF8-stimuli.mat
14	2	pRF+AF8-stimuli.mat
22	2	pRF+AF8-stimuli.mat
24	2	pRF+AF8-stimuli.mat
26	2	pRF+AF8-stimuli.mat
28	2	pRF+AF8-stimuli.mat
30	2	pRF+AF8-stimuli.mat
32	2	pRF+AF8-stimuli.mat
34	2	pRF+AF8-stimuli.mat
36	2	pRF+AF8-stimuli.mat
38	2	pRF+AF8-stimuli.mat
40	2	pRF+AF8-stimuli.mat
42	2	pRF+AF8-stimuli.mat
44	2	pRF+AF8-stimuli.mat
46	2	pRF+AF8-stimuli.mat
48	2	pRF+AF8-stimuli.mat
50	2	pRF+AF8-stimuli.mat
52	2	pRF+AF8-stimuli.mat
54	2	pRF+AF8-stimuli.mat
56	2	pRF+AF8-stimuli.mat
64	2	pRF+AF8-stimuli.mat
66	2	pRF+AF8-stimuli.mat
68	2	pRF+AF8-stimuli.mat
70	2	pRF+AF8-stimuli.mat
72	2	pRF+AF8-stimuli.mat
74	2	pRF+AF8-stimuli.mat
76	2	pRF+AF8-stimuli.mat
78	2	pRF+AF8-stimuli.mat
80	2	pRF+AF8-stimuli.mat
82	2	pRF+AF8-stimuli.mat
84	2	pRF+AF8-stimuli.mat
86	2	pRF+AF8-stimuli.mat
88	2	pRF+AF8-stimuli.mat
90	2	pRF+AF8-stimuli.mat
92	2	pRF+AF8-stimuli.mat
94	2	pRF+AF8-stimuli.mat
96	2	pRF+AF8-stimuli.mat
98	2	pRF+AF8-stimuli.mat
106	2	pRF+AF8-stimuli.mat
108	2	pRF+AF8-stimuli.mat
110	2	pRF+AF8-stimuli.mat
112	2	pRF+AF8-stimuli.mat
114	2	pRF+AF8-stimuli.mat
116	2	pRF+AF8-stimuli.mat
118	2	pRF+AF8-stimuli.mat
120	2	pRF+AF8-stimuli.mat
122	2	pRF+AF8-stimuli.mat
124	2	pRF+AF8-stimuli.mat
126	2	pRF+AF8-stimuli.mat
128	2	pRF+AF8-stimuli.mat
130	2	pRF+AF8-stimuli.mat
132	2	pRF+AF8-stimuli.mat
134	2	pRF+AF8-stimuli.mat
136	2	pRF+AF8-stimuli.mat
138	2	pRF+AF8-stimuli.mat
140	2	pRF+AF8-stimuli.mat
148	2	pRF+AF8-stimuli.mat
150	2	pRF+AF8-stimuli.mat
152	2	pRF+AF8-stimuli.mat
154	2	pRF+AF8-stimuli.mat
156	2	pRF+AF8-stimuli.mat
158	2	pRF+AF8-stimuli.mat
160	2	pRF+AF8-stimuli.mat
162	2	pRF+AF8-stimuli.mat
164	2	pRF+AF8-stimuli.mat
166	2	pRF+AF8-stimuli.mat
168	2	pRF+AF8-stimuli.mat
170	2	pRF+AF8-stimuli.mat
172	2	pRF+AF8-stimuli.mat
174	2	pRF+AF8-stimuli.mat
176	2	pRF+AF8-stimuli.mat
178	2	pRF+AF8-stimuli.mat
180	2	pRF+AF8-stimuli.mat
182	2	pRF+AF8-stimuli.mat
190	2	pRF+AF8-stimuli.mat
192	2	pRF+AF8-stimuli.mat
194	2	pRF+AF8-stimuli.mat
196	2	pRF+AF8-stimuli.mat
198	2	pRF+AF8-stimuli.mat
200	2	pRF+AF8-stimuli.mat
202	2	pRF+AF8-stimuli.mat
204	2	pRF+AF8-stimuli.mat
206	2	pRF+AF8-stimuli.mat
208	2	pRF+AF8-stimuli.mat
210	2	pRF+AF8-stimuli.mat
212	2	pRF+AF8-stimuli.mat
214	2	pRF+AF8-stimuli.mat
216	2	pRF+AF8-stimuli.mat
218	2	pRF+AF8-stimuli.mat
220	2	pRF+AF8-stimuli.mat
222	2	pRF+AF8-stimuli.mat
224	2	pRF+AF8-stimuli.mat
232	2	pRF+AF8-stimuli.mat
234	2	pRF+AF8-stimuli.mat
236	2	pRF+AF8-stimuli.mat
238	2	pRF+AF8-stimuli.mat
240	2	pRF+AF8-stimuli.mat
242	2	pRF+AF8-stimuli.mat
244	2	pRF+AF8-stimuli.mat
246	2	pRF+AF8-stimuli.mat
248	2	pRF+AF8-stimuli.mat
250	2	pRF+AF8-stimuli.mat
252	2	pRF+AF8-stimuli.mat
254	2	pRF+AF8-stimuli.mat
256	2	pRF+AF8-stimuli.mat
258	2	pRF+AF8-stimuli.mat
260	2	pRF+AF8-stimuli.mat
262	2	pRF+AF8-stimuli.mat
264	2	pRF+AF8-stimuli.mat
266	2	pRF+AF8-stimuli.mat
274	2	pRF+AF8-stimuli.mat
276	2	pRF+AF8-stimuli.mat
278	2	pRF+AF8-stimuli.mat
280	2	pRF+AF8-stimuli.mat
282	2	pRF+AF8-stimuli.mat
284	2	pRF+AF8-stimuli.mat
286	2	pRF+AF8-stimuli.mat
288	2	pRF+AF8-stimuli.mat
290	2	pRF+AF8-stimuli.mat
292	2	pRF+AF8-stimuli.mat
294	2	pRF+AF8-stimuli.mat
296	2	pRF+AF8-stimuli.mat
298	2	pRF+AF8-stimuli.mat
300	2	pRF+AF8-stimuli.mat
302	2	pRF+AF8-stimuli.mat
304	2	pRF+AF8-stimuli.mat
306	2	pRF+AF8-stimuli.mat
308	2	pRF+AF8-stimuli.mat
316	2	pRF+AF8-stimuli.mat
318	2	pRF+AF8-stimuli.mat
320	2	pRF+AF8-stimuli.mat
322	2	pRF+AF8-stimuli.mat
324	2	pRF+AF8-stimuli.mat
326	2	pRF+AF8-stimuli.mat
328	2	pRF+AF8-stimuli.mat
330	2	pRF+AF8-stimuli.mat
332	2	pRF+AF8-stimuli.mat
334	2	pRF+AF8-stimuli.mat
336	2	pRF+AF8-stimuli.mat
338	2	pRF+AF8-stimuli.mat
340	2	pRF+AF8-stimuli.mat
342	2	pRF+AF8-stimuli.mat
344	2	pRF+AF8-stimuli.mat
346	2	pRF+AF8-stimuli.mat
348	2	pRF+AF8-stimuli.mat
350	2	pRF+AF8-stimuli.mat
358	2	pRF+AF8-stimuli.mat
360	2	pRF+AF8-stimuli.mat
362	2	pRF+AF8-stimuli.mat
364	2	pRF+AF8-stimuli.mat
366	2	pRF+AF8-stimuli.mat
368	2	pRF+AF8-stimuli.mat
370	2	pRF+AF8-stimuli.mat
372	2	pRF+AF8-stimuli.mat
374	2	pRF+AF8-stimuli.mat
376	2	pRF+AF8-stimuli.mat
378	2	pRF+AF8-stimuli.mat
380	2	pRF+AF8-stimuli.mat
382	2	pRF+AF8-stimuli.mat
384	2	pRF+AF8-stimuli.mat
386	2	pRF+AF8-stimuli.mat
388	2	pRF+AF8-stimuli.mat
